{
  "trained_at": "2026-02-19T17:29:16.479231",
  "num_classes": 4,
  "num_epochs": 10,
  "best_epoch": 10,
  "device": "cpu",
  "datasets": {
    "AIIMS Delhi": {
      "total_samples": 7153,
      "dataset_id": "dataset-1",
      "location": [
        28.5672,
        77.21
      ],
      "specialty": "Adult Neuro-Oncology",
      "class_distribution": {
        "pituitary": 1757,
        "notumor": 2000,
        "glioma": 1621,
        "meningioma": 1775
      },
      "unmatched_folders": []
    },
    "NIMHANS Bengaluru": {
      "total_samples": 6128,
      "dataset_id": "dataset-2",
      "location": [
        12.9442,
        77.5966
      ],
      "specialty": "Neuro Specialty",
      "class_distribution": {
        "glioma": 2852,
        "meningioma": 1416,
        "pituitary": 1860
      },
      "unmatched_folders": []
    },
    "Tata Memorial Mumbai": {
      "total_samples": 6056,
      "dataset_id": "dataset-3",
      "location": [
        19.0049,
        72.8414
      ],
      "specialty": "Oncology Referral",
      "class_distribution": {
        "meningioma": 2004,
        "pituitary": 2048,
        "glioma": 2004
      },
      "unmatched_folders": []
    }
  },
  "total_samples": 19337,
  "train_samples": 13537,
  "val_samples": 2900,
  "test_samples": 2900,
  "metrics": {
    "test_accuracy": 0.7824137931034483,
    "avg_f1": 0.8160429560038375,
    "avg_precision": 0.8218265059419549,
    "avg_recall": 0.8133725796621126,
    "per_class": {
      "glioma": {
        "precision": 0.6778280542986426,
        "recall": 0.7721649484536083,
        "f1": 0.7219277108433735,
        "support": 970
      },
      "meningioma": {
        "precision": 0.7318116975748931,
        "recall": 0.6526717557251909,
        "f1": 0.6899798251513114,
        "support": 786
      },
      "pituitary": {
        "precision": 0.8973384030418251,
        "recall": 0.8418549346016647,
        "f1": 0.8687116564417178,
        "support": 841
      },
      "notumor": {
        "precision": 0.980327868852459,
        "recall": 0.9867986798679867,
        "f1": 0.9835526315789473,
        "support": 303
      }
    },
    "confusion_matrix": [
      [
        749,
        157,
        61,
        3
      ],
      [
        251,
        513,
        19,
        3
      ],
      [
        105,
        28,
        708,
        0
      ],
      [
        0,
        3,
        1,
        299
      ]
    ],
    "best_val_accuracy": 0.7972413793103448
  }
}